id,Gender,Country,Seniority,Field,p4q1T_O,p4q1E_O,p4q2_O,p5q1_N,p7q2
8,Female,United States of America,11 - 15 years,Experiment,,,,,
19,Male,Slovakia,less than 5 years,Experiment,,,,,
20,Male,Germany,11 - 15 years,Experiment,,,,,
21,Female,United States of America,less than 5 years,Experiment,,,,,
22,Female,China,less than 5 years,Experiment,,,,,
23,Male,South Africa,11 - 15 years,Experiment,,,,,
25,Prefer not to say,United States of America,less than 5 years,Experiment,,,,,
27,Female,Belgium,5 - 10 years,Experiment,,,,,
28,Male,Germany,less than 5 years,Experiment,,,,,
33,Male,Switzerland,less than 5 years,Experiment,,,,,
36,Female,the United Kingdom of Great Britain and Northern Ireland,less than 5 years,Experiment,,,,,
39,Male,Netherlands,5 - 10 years,Experiment,,,,,"If we are being honest, the only justification against open data is selfish advantage. For the progress of the field, researchers should always default to open data unless there are other extenuating factors. Just look at the revolution brought about by open source software!"
40,Female,United States of America,5 - 10 years,Experiment,,,,,
42,Male,France,less than 5 years,Experiment,,,,,
45,Female,the United Kingdom of Great Britain and Northern Ireland,less than 5 years,Experiment,,,,,
46,Male,the United Kingdom of Great Britain and Northern Ireland,less than 5 years,Experiment,,,,,
49,Male,United States of America,more than 20 years,Experiment,,,,I put much effort into my research so why should I let someone that does nothing have access to my work?,
52,Male,Germany,5 - 10 years,Experiment,,,,,
53,Female,Czech Republic,5 - 10 years,Experiment,,,,,
54,Male,Germany,less than 5 years,Experiment,,,,,
55,Male,France,5 - 10 years,Experiment,,"Code should be shared immediately and always, with care taken not to leak results. Data can wait until the collaborators have had a chance to exploit it first.",,,
59,Male,Switzerland,11 - 15 years,Experiment,,,,,
60,Male,Portugal,less than 5 years,Experiment,,,,,
61,Male,France,more than 20 years,Experiment,,,,,
62,Male,Belgium,5 - 10 years,Experiment,,,,,"Unfortunately, twiki, slides, analysis notes and even papers are very often not up to date or incomplete in describing what has been done. For exactly that reason you need the code and data to understand what is happening.."
63,Male,United States of America,less than 5 years,Experiment,,,,,"I believe that the focus of peer-review should be maintained on the physics and not on the ancillary tools used for it. Code is purely and instrument, and I think that sharing it and the corresponding data is motivated only if it can ease the access of people to the content of a research. Instead of making efforts in documenting the workflow of an analysis, I think it would be more interesting to ensure that the description, the methods and the results of the research are clearly documented and correctly explained in a paper."
66,Male,the United Kingdom of Great Britain and Northern Ireland,5 - 10 years,Experiment,,,,,
68,Male,Russian Federation,16 - 20 years,Experiment,,,,,
69,Male,Germany,less than 5 years,Experiment,,,,,
71,Male,the United Kingdom of Great Britain and Northern Ireland,more than 20 years,Experiment,,See answer to next question.  Totally open sharing is not appropriate.,,,It is really up to the collaboration and referees to decide.
73,Male,Italy,5 - 10 years,Experiment,,,,,
77,Female,Italy,less than 5 years,Experiment,,,,,
79,Male,Italy,less than 5 years,Experiment,,,,,
80,Male,Austria,less than 5 years,Experiment,,,,,
81,Male,Georgia,5 - 10 years,Experiment,,,,,
83,Male,Italy,more than 20 years,Experiment,,,,,
84,Male,United States of America,less than 5 years,Experiment,,,,,passing down scripted workflows creates a real blackbox lack of understanding. click & collect should not be encouraged.
87,Male,Spain,11 - 15 years,Experiment,,,,,
89,Male,United States of America,5 - 10 years,Experiment,,,,,
90,Male,Russian Federation,5 - 10 years,Experiment,,,,,
91,Male,Italy,less than 5 years,Experiment,,,,,
93,Male,France,less than 5 years,Experiment,,,,,
94,Female,Italy,5 - 10 years,Experiment,,"I think that releasing data should be At the same time as the publication of the paper, but I don't agree on sharing the code",,,
98,Female,Spain,more than 20 years,Experiment,,,,,
100,Male,Greece,more than 20 years,Experiment,,,,,
101,Male,France,less than 5 years,Experiment,,,,,
102,Female,United States of America,11 - 15 years,Experiment,,"I'd share data, not the code. Sharing after publication.",,,
105,Male,Australia,5 - 10 years,Experiment,,,,,
106,Male,Italy,16 - 20 years,Experiment,,,,,
107,Male,Czech Republic,more than 20 years,Experiment,,,,,
110,Male,Republic of Korea,11 - 15 years,Experiment,,,,,
114,Male,United States of America,more than 20 years,Experiment,,,,,
115,Male,Russian Federation,more than 20 years,Experiment,,,,,
117,Male,Greece,less than 5 years,Experiment,,,,,
118,Male,France,less than 5 years,Experiment,,,,,
121,Male,United States of America,more than 20 years,Experiment,,,,,
122,Male,Italy,more than 20 years,Experiment,,,,,
123,Male,Hungary,5 - 10 years,Experiment,,,,,
124,Prefer not to say,Switzerland,more than 20 years,Experiment,,Question is too simple minded,,,
128,Male,India,less than 5 years,Experiment,,,,,
130,Male,Italy,more than 20 years,Experiment,,"in any relatively complex research, releasing data and code in public domain doesn't change anything, basically nobody will have the knowledge to use those data and code",,,
132,Male,United States of America,more than 20 years,Experiment,,,,,
135,Prefer not to say,Russian Federation,16 - 20 years,Experiment,,,,,
136,Male,Italy,5 - 10 years,Experiment,,,,,
140,Male,Italy,less than 5 years,Experiment,,,,,
141,Female,Italy,11 - 15 years,Experiment,,,,,
142,Male,France,less than 5 years,Experiment,,,,,
144,Male,Slovakia,more than 20 years,Experiment,,,,Near impossibility to explain all subtleties of my code and data. Fear of missinterpretation - unintentional or intentional -  of results.,Only those who produce the code and data know all subtle details of the analysis. Independent referee may be more confused than enlightened. Published results must be reproducible by independent research not biased by existing code and data.
145,Male,the United Kingdom of Great Britain and Northern Ireland,5 - 10 years,Experiment,,,,,
146,Female,Spain,16 - 20 years,Experiment,,,,,
147,Male,the United Kingdom of Great Britain and Northern Ireland,more than 20 years,Experiment,,,,,Not clear if you mean internal or external peer review
148,Female,Italy,16 - 20 years,Experiment,,,,,
149,Female,Italy,more than 20 years,Experiment,,,,,
152,Female,Netherlands,more than 20 years,Experiment,,,,,
157,Male,Germany,less than 5 years,Experiment,,,,,
159,Male,the United Kingdom of Great Britain and Northern Ireland,5 - 10 years,Experiment,,,,,I like Open/Libre most things.
161,Female,United States of America,less than 5 years,Experiment,,,,,
162,Male,China,5 - 10 years,Experiment,,,,,
164,Male,Switzerland,5 - 10 years,Experiment,,,,,
165,Prefer not to say,France,less than 5 years,Experiment,,,,,
166,Female,the United Kingdom of Great Britain and Northern Ireland,less than 5 years,Experiment,,,,,
167,Male,Spain,16 - 20 years,Experiment,,,,,I doubt the reviewers will be able to go over data or code...
168,Male,Netherlands,5 - 10 years,Experiment,,,,,I think it would be very helpful to the review process if guidelines existed in how to make an analysis reproducible using a standard process and standard software. That should include material on how to fulfill such guidelines in practice.
170,Male,the United Kingdom of Great Britain and Northern Ireland,less than 5 years,Experiment,,,,,
171,Male,Sweden,5 - 10 years,Experiment,,,,,
173,Male,Germany,5 - 10 years,Experiment,,,,,
174,Male,Switzerland,16 - 20 years,Experiment,,,,,
175,Male,Italy,more than 20 years,Experiment,,,,,
176,Male,France,more than 20 years,Experiment,,,,"If we speak on the input data to analysis, I think it will be misused and results most likely incorrect. Then it will fall back on us to disprove the results.","I assumed when filling this survey that the data we are atlking about is the input to the analysis, not the final tables/figures that we already share with e.g. HepData."
177,Male,Italy,more than 20 years,Experiment,,,,,
178,Male,Italy,more than 20 years,Experiment,,,,,Large HEP collaborations have alreay adopted twiki pages and internal notes as standard components for the internal review process. This may become an overhead difficult to stand for small collaborations.
179,Male,Switzerland,5 - 10 years,Experiment,,,,,
180,Male,Germany,11 - 15 years,Experiment,,,,,
182,Female,United States of America,more than 20 years,Experiment,,,,,
185,Male,Germany,more than 20 years,Experiment,,,,,
186,Male,Italy,more than 20 years,Experiment,,,,,
187,Male,Switzerland,11 - 15 years,Experiment,,,,,
189,Male,Switzerland,5 - 10 years,Experiment,,,,,"I think that the idea of public code is interesting, but evaluating it as part of the peer-review procedure is not feasible.  Furthermore, such practices would have to be globally enforced, or else some experiments will have much faster publications than others due to the amount of time it takes to make something externally usable without understanding all of the details.  For the large LHC collaborations, there are literally thousands of people working on the code for results, and it often takes very specialized people to connect everything together.  Releasing it publicly in a form that anyone can pick up and use is an enormous overhead that would likely block physics results."
190,Male,Sweden,less than 5 years,Experiment,,,,,
193,Male,the United Kingdom of Great Britain and Northern Ireland,less than 5 years,Experiment,,,,,
194,Male,France,11 - 15 years,Experiment,,,,,
195,Male,Slovakia,less than 5 years,Experiment,,,,,
197,Male,the United Kingdom of Great Britain and Northern Ireland,more than 20 years,Experiment,,,,,
198,Male,United States of America,more than 20 years,Experiment,,,,"Raw data - which is what I assume you are talimng about, is unintelligible to other collaborations",
199,Male,China,11 - 15 years,Experiment,,,,,
200,Male,France,5 - 10 years,Experiment,,,"Funding bodies should decide, but moreover should provide the means to maintain that, not just policies to be followed. Without that a collaboration-level decision is what is more appropriate.",,"Full Data & code are too complex in HEP to be reviewable per paper. The experiments internal review before publication already are meant to take care of that. Wiki pages and presentations could be helpful, but might be more confusing for an external audience that is not following the experiment's history. My impression is that if all code/data went into the review, publishing would become extremely time consuming for everybody."
202,Male,the United Kingdom of Great Britain and Northern Ireland,5 - 10 years,Experiment,,,,,
203,Male,Switzerland,11 - 15 years,Experiment,,,,,
204,Male,the United Kingdom of Great Britain and Northern Ireland,more than 20 years,Experiment,,,,,"I find this survey very difficult. For example,  questions which mix data and code can have very different answers"
205,Female,Norway,5 - 10 years,Experiment,,,,,
208,Male,the United Kingdom of Great Britain and Northern Ireland,less than 5 years,Experiment,,,,,
209,Male,Italy,more than 20 years,Experiment,,,,,
212,Male,Czech Republic,less than 5 years,Experiment,,,,,
213,Male,Poland,5 - 10 years,Experiment,,,,,
215,Male,Italy,more than 20 years,Experiment,,,,,
216,Male,Canada,11 - 15 years,Experiment,,,,,
217,Male,Brazil,more than 20 years,Experiment,,,,,
219,Male,United States of America,16 - 20 years,Experiment,,,,,
220,Male,Germany,5 - 10 years,Experiment,,,,,
221,Female,the United Kingdom of Great Britain and Northern Ireland,less than 5 years,Experiment,,after an embargo period set by collaborations,,,"data or code would be unhelpful, but both data and code would be very helpful"
222,Male,Denmark,5 - 10 years,Experiment,,,,,
223,Female,Brazil,more than 20 years,Experiment,,,,,
224,Male,United States of America,more than 20 years,Experiment,,,,"Why would people take data, if they can get it for free.",
225,Male,United States of America,more than 20 years,Experiment,,,,,
226,Female,United States of America,11 - 15 years,Experiment,,,,,
228,Male,United States of America,more than 20 years,Experiment,,,,,
229,Male,United States of America,more than 20 years,Experiment,,,,"Complexity of data and its analysis from my experiments requires scrutiny of fellow collaborators. This kind of scrutiny cannot be provide in publishing stage. I know of multiple examples of worthless work published when data was analyzed without such controls. Irresponsible data sharing can mean death of science. I am not against data/code sharing in general. However, one model fits all in dangerous.","I assumed that ‚Äúpeer review process‚Äù means external-to-the-collaboration journal-level peer review process. The answers would have been quite different if by ‚Äúpeer review‚Äù the internal peer review within the same experimental collaboration was meant.  Complexity of most of contemporary analyses from high-energy experiments is such that even internal review, done by people familiar with the equipment, data ‚Äìtaking conditions and software infrastructure is hard to do. An idea that this could be outsourced to external journal reviewers is a dangerous lunacy."
230,Male,France,16 - 20 years,Experiment,,,,,
232,Male,France,less than 5 years,Experiment,,,,,
233,Male,Czech Republic,less than 5 years,Experiment,,,,,
234,Male,United States of America,more than 20 years,Experiment,,,,,
237,Male,Spain,more than 20 years,Experiment,,,,,
238,Male,the United Kingdom of Great Britain and Northern Ireland,more than 20 years,Experiment,,,,,
239,Male,Germany,5 - 10 years,Experiment,,,,,
240,Male,United States of America,less than 5 years,Experiment,,,,,
242,Male,Brazil,more than 20 years,Experiment,,,,,
243,Male,Germany,11 - 15 years,Experiment,,,,,"There is an ambiguity of data/code at which level is to be provided. In HEP I am typically not interested in the analysis code within some experiment software which I can't run anyway, but on an analysis code which runs in e.g. Rivet or other frameworks for analysis preservation after detector corrections."
244,Male,India,less than 5 years,Experiment,,,,,
246,Male,United States of America,more than 20 years,Experiment,,,,,"Although note that even within a collaboration, with documentation for new collaborators, it's really hard to get up to speed on the software.  I doubt reviewers will want to put in weeks learning how to use these proposed tools."
248,Male,Germany,more than 20 years,Experiment,,,,,
251,Female,Spain,more than 20 years,Experiment,,,,,
252,Male,United States of America,more than 20 years,Experiment,,,,,
253,Male,United States of America,11 - 15 years,Experiment,,,,,"it's not useful to distringuish between code and script. in general by code one should consider any computer program.or system used in an analysis (including DB data, resource files)"
255,Male,United States of America,5 - 10 years,Experiment,,,,,
257,Male,United States of America,more than 20 years,Experiment,,,,,
258,Male,United States of America,16 - 20 years,Experiment,,,,,
259,Male,United States of America,11 - 15 years,Experiment,,,,,
260,Prefer not to say,United States of America,5 - 10 years,Experiment,,"Code needs to be examined both for internal review and publication. Result data publication should accompany the publication. Input datasets, like a CMS dataset, should be published separately following the practices of telescope data.","The HEP community as a whole should decide and set practices for data. Code publication should be decided by code authors, but should be required to be reviewed with rules set by collaborations or the field as a whole.",,Most physics papers are just text descriptions of their code. The code is the publication and should be the primary focus of peer review; not the paper.
261,Female,United States of America,more than 20 years,Experiment,,,,,I do data management for HEP.  Open access to full data is technologically impossible without more resources to support it even though I‚Äôd like it to be accessible.
263,Male,United States of America,16 - 20 years,Experiment,,,,,
264,Male,United States of America,more than 20 years,Experiment,,,,,
266,Male,United States of America,5 - 10 years,Experiment,,,,,
267,Male,the United Kingdom of Great Britain and Northern Ireland,11 - 15 years,Experiment,,,,"Would require a lot of additional work, no incentive to do it from metrics used by future employers.",
269,Male,Portugal,more than 20 years,Experiment,,,,,
270,Female,United States of America,5 - 10 years,Experiment,,,,,
273,Male,France,11 - 15 years,Experiment,,,,,
274,Male,Mexico,more than 20 years,Experiment,,,,,
276,Male,United States of America,5 - 10 years,Experiment,,,,,"I feel this might make a bigger difference in smaller, non-HEP experiments like some of the dark matter experiments or smaller astronomical surveys."
277,Male,France,more than 20 years,Experiment,,,,,
278,Male,United States of America,5 - 10 years,Experiment,,,,,
279,Male,Republic of Korea,less than 5 years,Experiment,,,,,
280,Female,United States of America,less than 5 years,Experiment,,,,,
281,Male,United States of America,more than 20 years,Experiment,,,,I don't think very complex analysis software is useful.,
282,Female,the United Kingdom of Great Britain and Northern Ireland,5 - 10 years,Experiment,,,,,
285,Female,Canada,5 - 10 years,Experiment,,,,,
287,Male,United States of America,less than 5 years,Experiment,,,,,
288,Male,Ecuador,5 - 10 years,Experiment,,,,,
289,Female,United States of America,5 - 10 years,Experiment,,,,,
290,Male,United States of America,more than 20 years,Experiment,,,,,
292,Male,United States of America,more than 20 years,Experiment,,,,,Public release of data and code from a large experiment seems to be completely unrealistic and of little use to anyone.
293,Male,Canada,less than 5 years,Experiment,,,,,
295,Male,Germany,less than 5 years,Experiment,,,,,
296,Male,France,more than 20 years,Experiment,,,,,
297,Female,United States of America,less than 5 years,Experiment,,,,,
298,Female,France,more than 20 years,Experiment,,,,,
299,Male,United States of America,less than 5 years,Experiment,,,,,
301,Male,Russian Federation,more than 20 years,Experiment,,,,,
303,Male,United States of America,5 - 10 years,Experiment,,,,,
304,Male,Canada,5 - 10 years,Experiment,,,,,
305,Male,United States of America,5 - 10 years,Experiment,,,,,
307,Male,United States of America,more than 20 years,Experiment,,,,,
309,Male,Canada,more than 20 years,Experiment,,,,,
311,Male,United States of America,5 - 10 years,Experiment,,,,,don't know how much time peer reviewers have
313,Male,United States of America,more than 20 years,Experiment,,,,,
315,Male,Czech Republic,less than 5 years,Experiment,,,,,"The software is often very complex, who outside of the collaboration would have the time and will to actually review it?"
316,Female,United States of America,less than 5 years,Experiment,,,,,
318,Male,Canada,5 - 10 years,Experiment,,,,,
320,Male,the United Kingdom of Great Britain and Northern Ireland,more than 20 years,Experiment,,Large collaborations have datasets used by 100s of analyses. When the raw dataset should be released needs careful consideration.,,,will the reviewer have time to try to look at this?
321,Male,United States of America,5 - 10 years,Experiment,,,,,
322,Male,Brazil,more than 20 years,Experiment,,,,,
323,Male,United States of America,more than 20 years,Experiment,,,,,
324,Male,Greece,5 - 10 years,Experiment,,From the beginning,,,
326,Female,Republic of Korea,more than 20 years,Experiment,,,,,
329,Male,United States of America,more than 20 years,Experiment,,,,,
330,Male,United States of America,more than 20 years,Experiment,,,,,
332,Female,United States of America,5 - 10 years,Experiment,,,,,
334,Male,Denmark,16 - 20 years,Experiment,,,,,
335,Male,Turkey,5 - 10 years,Experiment,,,,,
337,Male,Germany,5 - 10 years,Experiment,,,,,
339,Female,France,5 - 10 years,Experiment,,,,,
340,Male,Germany,more than 20 years,Experiment,,,,,
342,Male,United States of America,more than 20 years,Experiment,,,,,Making the huge and complex HEP data sets _and_ code available would be too complicated.
344,Male,Switzerland,less than 5 years,Experiment,,,,,
345,Male,Germany,5 - 10 years,Experiment,,,,,
348,Female,Brazil,16 - 20 years,Experiment,,,,,
349,Male,United States of America,less than 5 years,Experiment,,,,,
350,Male,Belgium,more than 20 years,Experiment,,,,,
351,Male,Russian Federation,more than 20 years,Experiment,,,,,
355,Male,Italy,11 - 15 years,Experiment,,,,,
358,Male,Russian Federation,5 - 10 years,Experiment,,,,,
359,Female,Italy,more than 20 years,Experiment,,,,,
360,Male,France,more than 20 years,Experiment,,A given time after the publication,,,
362,Male,Belgium,16 - 20 years,Experiment,,,,,
363,Male,France,more than 20 years,Experiment,,,,,
364,Female,Germany,5 - 10 years,Experiment,,,,,
365,Female,Portugal,less than 5 years,Experiment,,,,,
366,Male,France,more than 20 years,Experiment,,,,,
367,Male,United States of America,less than 5 years,Experiment,,,,,
368,Male,Switzerland,more than 20 years,Experiment,,,,,
369,Male,Canada,less than 5 years,Experiment,,,,,
370,Male,Belgium,16 - 20 years,Experiment,,,,,
372,Female,Italy,more than 20 years,Experiment,,,,,
373,Male,the United Kingdom of Great Britain and Northern Ireland,less than 5 years,Experiment,,,,,
376,Male,Slovakia,more than 20 years,Experiment,,,,,
377,Male,New Zealand,16 - 20 years,Experiment,,,,,
378,Male,France,more than 20 years,Experiment,,,,,
379,Male,France,less than 5 years,Experiment,,,,,
380,Male,France,11 - 15 years,Experiment,,,,,
382,Male,France,more than 20 years,Experiment,,,,,
383,Male,Spain,more than 20 years,Experiment,,,,,
384,Male,Italy,more than 20 years,Experiment,,,,,
385,Male,Netherlands,less than 5 years,Experiment,,"After the experiment has made the most of the collected data, i.e., some years after its collection",,,
386,Male,Russian Federation,5 - 10 years,Experiment,,,,,
388,Male,Italy,16 - 20 years,Experiment,,,,,
389,Female,Canada,5 - 10 years,Experiment,,,,,
390,Male,Netherlands,16 - 20 years,Experiment,,,,,Scripted workflow is part of the code.
391,Male,United States of America,more than 20 years,Experiment,,,,,
393,Male,Germany,more than 20 years,Experiment,,,,,
395,Female,Spain,more than 20 years,Experiment,,,,,
397,Male,Japan,more than 20 years,Experiment,,,,,
398,Male,Austria,less than 5 years,Experiment,,,,,
399,Male,China,more than 20 years,Experiment,,,,,
402,Female,Canada,less than 5 years,Experiment,,,,,
403,Male,Germany,11 - 15 years,Experiment,,,,,
404,Female,United States of America,more than 20 years,Experiment,,,,Collaborations share data and code internally. There is no benefit to sharing code or data externally.,"External review of INTERNAL collaboration documentation (code, data, pages, slides, scripts) is a huge amount of effort for the peer reviewers.  The internal collaboration review process has a lengthy number of steps with expert review inside the collaboration."
409,Male,Italy,more than 20 years,Experiment,,,,,
410,Male,United States of America,5 - 10 years,Experiment,,,,,
411,Male,Germany,less than 5 years,Experiment,,,,,
412,Male,Germany,more than 20 years,Experiment,,,,,
413,Female,Germany,more than 20 years,Experiment,,,,We usually need the results not the raw data and the code as one needs a lot of internal knowledge to be able to repeat the full data extraction,
414,Male,United States of America,11 - 15 years,Experiment,,,,,
416,Male,Japan,more than 20 years,Experiment,,,,,
418,Male,Netherlands,more than 20 years,Experiment,,,,,
419,Male,Canada,more than 20 years,Experiment,,,,,
420,Male,United States of America,11 - 15 years,Experiment,,,,,
422,Male,Germany,less than 5 years,Experiment,,,,,
424,Male,Italy,more than 20 years,Experiment,,,,,The real issue is the complexity and size of the underlying code and data
426,Female,United States of America,5 - 10 years,Experiment,,,,,
428,Male,United States of America,more than 20 years,Experiment,,,,,"I assume ""data"" means analysis files, not raw data.  Also, what we call ""data"" most vary greatly between experiments."
429,Male,Italy,less than 5 years,Experiment,,,,,
430,Female,Sweden,less than 5 years,Experiment,,,,,
431,Male,India,16 - 20 years,Experiment,,,,,
432,Male,United States of America,less than 5 years,Experiment,,,,,
434,Male,United States of America,16 - 20 years,Experiment,,,,,"Reviewing the code etc will be much too difficult/time consuming for an external reviewer. However, the internal process to review code and verifications of its correctness should be documented alongside the manuscript."
435,Male,Italy,5 - 10 years,Experiment,,,,,
439,Male,Switzerland,11 - 15 years,Experiment,,,,,
441,Prefer not to say,Switzerland,5 - 10 years,Experiment,,,i don't see any of the above clear good solutions,,"dumping millions of lines of code on a (physics?) reviewer (who might speak a different programming language) won't get us anywhere. ""analysis code"" is way too vaguely defined and any substantial amount is unreviewable."
443,Male,Belgium,5 - 10 years,Experiment,,,,,
446,Male,Italy,16 - 20 years,Experiment,,,,,
448,Male,Germany,more than 20 years,Experiment,,,,,
449,Female,United States of America,16 - 20 years,Experiment,,,,,"large experimental collaboration analysis code often has dependencies on other parts of the code and would be impossible to review in a timely fashion. However, there are internal reviews and plenty of validation plot cross-checks that can and are done. So one has to be careful what is deemed a ""code review""."
450,Prefer not to say,Italy,11 - 15 years,Experiment,,,"No one should decide. If limits are set to data accessibility, it will no longer be open. Anybody should be able to access with no restrictions.",,
451,Female,Bulgaria,5 - 10 years,Experiment,,,,,
455,Male,Italy,5 - 10 years,Experiment,,,,,
457,Male,Italy,16 - 20 years,Experiment,,,,,
458,Male,the United Kingdom of Great Britain and Northern Ireland,less than 5 years,Experiment,,,,,
459,Male,France,more than 20 years,Experiment,,,,,
460,Male,the United Kingdom of Great Britain and Northern Ireland,5 - 10 years,Experiment,,,,,Elements that are likely not to be accessed by future readers of the paper should not be considered in the review process
461,Male,the United Kingdom of Great Britain and Northern Ireland,16 - 20 years,Experiment,,"If there is no reservations, such as potential commercial use",,,
462,Male,Germany,5 - 10 years,Experiment,,,,,
463,Male,the United Kingdom of Great Britain and Northern Ireland,more than 20 years,Experiment,,,,,"Increasing the burdens on reviewers, who are unpaid, is a bad direction to go and should be discouraged."
466,Male,Poland,more than 20 years,Experiment,,At least one year after publication.,,,
468,Female,China,5 - 10 years,Experiment,,,,,
470,Male,France,less than 5 years,Experiment,,,,,
471,Male,Germany,less than 5 years,Experiment,,,,,"Although the code might be interesting, it will slow down the process enormously and in most cases it just does not help"
479,Male,Denmark,more than 20 years,Experiment,,,,,
480,Prefer not to say,France,less than 5 years,Experiment,,,,,
481,Female,Germany,less than 5 years,Experiment,,,,,
482,Female,Republic of Korea,11 - 15 years,Experiment,,,,,
486,Male,United States of America,less than 5 years,Experiment,,,,,
487,Male,Switzerland,less than 5 years,Experiment,,,,,
489,Male,United States of America,11 - 15 years,Experiment,,,,,
490,Female,India,5 - 10 years,Experiment,,,,,
493,Female,the United Kingdom of Great Britain and Northern Ireland,11 - 15 years,Experiment,,,,,
495,Male,the United Kingdom of Great Britain and Northern Ireland,5 - 10 years,Experiment,,,,,
496,Male,Russian Federation,16 - 20 years,Experiment,,,,,
497,Male,the United Kingdom of Great Britain and Northern Ireland,16 - 20 years,Experiment,,,,,
501,Prefer not to say,Italy,5 - 10 years,Experiment,,,,,
502,Male,Italy,11 - 15 years,Experiment,,,,,
507,Female,India,less than 5 years,Experiment,,,,,
509,Male,the United Kingdom of Great Britain and Northern Ireland,more than 20 years,Experiment,,,,,
511,Male,Germany,less than 5 years,Experiment,,,,,
512,Male,Turkey,less than 5 years,Experiment,,,,,
516,Male,Italy,more than 20 years,Experiment,,,,,
518,Male,United States of America,16 - 20 years,Experiment,,,,,
519,Male,Poland,more than 20 years,Experiment,,,,,
520,Female,Romania,11 - 15 years,Experiment,,,,,
521,Male,the United Kingdom of Great Britain and Northern Ireland,16 - 20 years,Experiment,,,,,
522,Male,Austria,11 - 15 years,Experiment,,"When the dataset has been analyzed by the collaboration, that is, typically after 3-5 years.",,,"The collaboration needs to have a safe space where statements can be exchanged that are not readily defendable in front of the general public. For this reason, e.g. slides, can only contain material approved by the collaboration and hence reproduce the paper content + the extra material."
523,Male,United States of America,5 - 10 years,Experiment,,,,,"reviewing this will be such a burden on the peer reviewer, they will never go through it"
527,Male,Switzerland,5 - 10 years,Experiment,,,,,
528,Male,Italy,16 - 20 years,Experiment,,,,,
530,Male,France,more than 20 years,Experiment,,,,,
532,Male,United States of America,5 - 10 years,Experiment,,,,,
533,Female,United States of America,11 - 15 years,Experiment,,,,,
534,Male,United States of America,5 - 10 years,Experiment,,,,,
539,Male,Germany,more than 20 years,Experiment,,,,,
541,Male,Norway,less than 5 years,Experiment,,,,,
542,Male,Slovenia,more than 20 years,Experiment,,,,,
544,Male,Romania,5 - 10 years,Experiment,,,,,
548,Male,Austria,more than 20 years,Experiment,,,,Data are too complex to be analysed by outsiders,
549,Female,Italy,5 - 10 years,Experiment,,,,,
550,Male,Russian Federation,more than 20 years,Experiment,,,,,
555,Male,France,more than 20 years,Experiment,,,,,
556,Male,France,16 - 20 years,Experiment,,,,,
558,Female,the United Kingdom of Great Britain and Northern Ireland,less than 5 years,Experiment,,,,,
561,Male,the United Kingdom of Great Britain and Northern Ireland,more than 20 years,Experiment,,,,,
562,Male,the United Kingdom of Great Britain and Northern Ireland,5 - 10 years,Experiment,,,,,
568,Female,Germany,less than 5 years,Experiment,,,,,Can someone finally fix vydio to be usable with Ubuntu?!?!
569,Prefer not to say,the United Kingdom of Great Britain and Northern Ireland,more than 20 years,Experiment,,,,,
570,Male,Croatia,more than 20 years,Experiment,,,,,"The basic problem in sharing open data, and the reason why I am reluctant to support it completely, that data as such without a lot of auxiliary knowledge present in the experiment, could be misinterpreted and lead to wrong results"
573,Male,the United Kingdom of Great Britain and Northern Ireland,less than 5 years,Experiment,,,,,"Hard to separate out general analysis framework of a collaboration from specific codebase of one paper. A 50k+ line code base can not feasibly be reviewed, snippets can but then there is a strong selection bias."
574,Male,Italy,more than 20 years,Experiment,,,,,
577,Male,Austria,5 - 10 years,Experiment,,,,,
579,Female,the United Kingdom of Great Britain and Northern Ireland,11 - 15 years,Experiment,,,,,
580,Male,Germany,more than 20 years,Experiment,,,,,
583,Prefer not to say,the United Kingdom of Great Britain and Northern Ireland,more than 20 years,Experiment,,,bureaucrats should mind their own buisness and leave us alone to do real work,,
584,Male,Israel,5 - 10 years,Experiment,,,,,
585,Male,the United Kingdom of Great Britain and Northern Ireland,less than 5 years,Experiment,,,,,
586,Male,Germany,5 - 10 years,Experiment,,,,,
590,Female,Hungary,less than 5 years,Experiment,,,,,
594,Male,Slovenia,more than 20 years,Experiment,,,,,
595,Male,Germany,less than 5 years,Experiment,,,,,
598,Female,Germany,less than 5 years,Experiment,,,,,
599,Male,United States of America,16 - 20 years,Experiment,,,,,
600,Female,Switzerland,more than 20 years,Experiment,,,,,There is no need to have coding and data as part of the review. Once they are public anyone else could publish papers that confirm or not the paper.
606,Male,Turkey,16 - 20 years,Experiment,,,,,
611,Male,United States of America,11 - 15 years,Experiment,,,,,"Code snippets and summaries are great (i.e. what we post on HEPData in Rivet format, etc.). Open data is less necessary IMO-- too many caveats on the analysis to make the data useful to the public."
614,Male,Italy,5 - 10 years,Experiment,,,,,"Presentation Slides can be sometime misleading: Researchers learn from discussions. Unless, very carefully documented, presented slides in internal meetings/gathering can be totally misleading sometimes. However, conference slides should be OA."
616,Male,the United Kingdom of Great Britain and Northern Ireland,more than 20 years,Experiment,,,,,
620,Male,Spain,16 - 20 years,Experiment,,,,,
621,Male,United States of America,5 - 10 years,Experiment,,,,,
626,Male,France,more than 20 years,Experiment,,,,,
629,Male,Italy,5 - 10 years,Experiment,,,,,
638,Male,India,less than 5 years,Experiment,,,,,
639,Male,Germany,more than 20 years,Experiment,,,,,
645,Male,Spain,more than 20 years,Experiment,,,,,
646,Female,United States of America,5 - 10 years,Experiment,,,,,
650,Female,Italy,5 - 10 years,Experiment,,,,,
652,Female,China,less than 5 years,Experiment,,,,,
655,Female,Italy,more than 20 years,Experiment,,,,,
656,Female,Brazil,more than 20 years,Experiment,,,,,
657,Male,Italy,more than 20 years,Experiment,,,,,
664,Male,Belgium,less than 5 years,Experiment,,,,,
665,Male,Switzerland,11 - 15 years,Experiment,,,,,
666,Male,Italy,more than 20 years,Experiment,,,,,
670,Male,Canada,more than 20 years,Experiment,,,,,
672,Male,India,16 - 20 years,Experiment,,,,,
673,Male,United States of America,less than 5 years,Experiment,,,,,
675,Male,Italy,more than 20 years,Experiment,,,,,
677,Male,the United Kingdom of Great Britain and Northern Ireland,more than 20 years,Experiment,,,,,
678,Female,United States of America,less than 5 years,Experiment,,,,,
679,Male,Belgium,5 - 10 years,Experiment,,,,,
680,Female,Germany,16 - 20 years,Experiment,,,,,
681,Male,China,more than 20 years,Experiment,,,,,
686,Male,Italy,more than 20 years,Experiment,,,,,
687,Female,United States of America,16 - 20 years,Experiment,,,,,"As peer reviewers we are volunteers with extremely little time.  We would need an entirely new model of peer review if the task of checking data and code were added to review responsibilities.  Furthermore, most data and code are extremely difficult to understand in HEP if you don't already know details of the detector."
688,Male,Italy,more than 20 years,Experiment,,,,,
689,Male,Germany,more than 20 years,Experiment,,,,,
690,Male,Iran (Islamic Republic of),11 - 15 years,Experiment,,,,,
691,Female,Finland,more than 20 years,Experiment,,,,,
692,Male,Brazil,11 - 15 years,Experiment,,,,,
694,Male,Italy,more than 20 years,Experiment,,,,,
695,Male,Germany,more than 20 years,Experiment,,,,,
696,Male,the United Kingdom of Great Britain and Northern Ireland,more than 20 years,Experiment,,,,,
699,Male,the United Kingdom of Great Britain and Northern Ireland,less than 5 years,Experiment,,,,,
701,Female,Italy,more than 20 years,Experiment,,,,,
702,Female,Poland,5 - 10 years,Experiment,,,,,
704,Female,United States of America,less than 5 years,Experiment,,,,,
706,Female,Republic of Korea,16 - 20 years,Experiment,,,,,
708,Female,Italy,more than 20 years,Experiment,,,,,
709,Male,Italy,more than 20 years,Experiment,,,,,
711,Male,Bulgaria,16 - 20 years,Experiment,,,,,
712,Female,Canada,16 - 20 years,Experiment,,,,,
714,Male,France,more than 20 years,Experiment,,,,,
715,Prefer not to say,France,more than 20 years,Experiment,,,,,
716,Male,France,more than 20 years,Experiment,,,,,difficult to answer in such general sense
717,Male,Switzerland,more than 20 years,Experiment,,,,,
718,Male,United States of America,5 - 10 years,Experiment,,,,,
719,Male,Canada,more than 20 years,Experiment,,When the data are in a form that is easily comprehensible and small enough in scale. Releasing petabytes of raw data is utterly useless and extremely expensive.,,,
720,Male,South Africa,less than 5 years,Experiment,,,,,
721,Male,United States of America,more than 20 years,Experiment,,,,,
724,Male,France,16 - 20 years,Experiment,,,,,
725,Male,France,5 - 10 years,Experiment,,,,,
728,Male,Italy,5 - 10 years,Experiment,,,,,
731,Prefer not to say,United States of America,11 - 15 years,Experiment,,,,,
732,Male,United States of America,5 - 10 years,Experiment,,,,,
733,Male,United States of America,more than 20 years,Experiment,,,,,
737,Male,Colombia,less than 5 years,Experiment,,,,,
738,Male,United States of America,more than 20 years,Experiment,,,,,
739,Male,Germany,more than 20 years,Experiment,,,,,
741,Prefer not to say,Germany,5 - 10 years,Experiment,,,,,
742,Female,United States of America,more than 20 years,Experiment,,,,,
743,Male,China,less than 5 years,Experiment,,,,,
748,Male,United States of America,5 - 10 years,Experiment,,,,,
750,Male,United States of America,more than 20 years,Experiment,,,,,
752,Female,United States of America,5 - 10 years,Experiment,,,,,"Peer review is long enough, adding code would likely just slow things down"
753,Male,Italy,11 - 15 years,Experiment,,,,,
754,Male,United States of America,more than 20 years,Experiment,,,,,"sharing this kind of information with a referee is pointless, since they are not going to re-run. Our internal review process has already done this, and there is no point in duplicating effort"
756,Male,United States of America,less than 5 years,Experiment,,,,,
759,Male,Germany,5 - 10 years,Experiment,,,,,
761,Male,Russian Federation,more than 20 years,Experiment,,,,,
766,Male,the United Kingdom of Great Britain and Northern Ireland,less than 5 years,Experiment,,,,,
767,Male,Canada,5 - 10 years,Experiment,,,,,
769,Male,New Zealand,5 - 10 years,Experiment,,,,,
771,Female,France,5 - 10 years,Experiment,,,,,
774,Male,Switzerland,less than 5 years,Experiment,,,,,
775,Male,France,more than 20 years,Experiment,,,,,
778,Male,France,less than 5 years,Experiment,,,,,
781,Male,France,11 - 15 years,Experiment,,,,,"One difficulty with HEP data is that it usually corresponds to i) very large data sample ii) analysed with complex software suite, making it difficult to release fully. While it would be a sane option for the future (re-analyse LHC data back in 2050 would be great), data preservation and code analysis maintenance is a tedious and ressource greedy task."
782,Male,Greece,more than 20 years,Experiment,,,,,
786,Female,France,more than 20 years,Experiment,,,,,Here I see a difference between publication peer review and the collaborartion peer review. Everything should be available within the collaboration and the responses above are about the publication peer reviewers.
787,Male,Portugal,16 - 20 years,Experiment,,,,,
788,Male,Spain,less than 5 years,Experiment,,,,,
789,Male,Poland,more than 20 years,Experiment,,,,,
790,Male,the United Kingdom of Great Britain and Northern Ireland,16 - 20 years,Experiment,,,,,"I would consider all, any, or none of these on a case-by-case basis"
791,Male,Germany,more than 20 years,Experiment,,,,,
792,Male,Sweden,more than 20 years,Experiment,,,,,
794,Male,Russian Federation,less than 5 years,Experiment,,,,,
798,Female,Germany,16 - 20 years,Experiment,,,,,
799,Male,France,more than 20 years,Experiment,,"In order to release data, you need to describe openly all calibration, source code etc. This is a lot a lot of work., which is absolutely not comparable to the publication workload. I have done this once. The dataset was published and documented 3 years later.",,,
800,Male,Germany,more than 20 years,Experiment,,,,,
803,Male,Italy,more than 20 years,Experiment,,,,,
804,Male,Czech Republic,11 - 15 years,Experiment,,,,,
805,Male,France,more than 20 years,Experiment,,,,,The gain is on botsh sides: analyser and reviewer. Providing those inputs as part of the review process ensures a higher quality in the data analysis practices.
806,Female,South Africa,5 - 10 years,Experiment,,,,,"It takes a lot of time for the analyzers to make their codes, it will take a lot of time for anyone else to understand them as well. Therefore it's not really ""easy"" to share in my opinion. It's not as simple as providing images to spot aliens."
807,Male,Israel,more than 20 years,Experiment,,,,,The complexity of a HEP analysis is such that only people that worked on it can correctly analyse it.
809,Male,United States of America,more than 20 years,Experiment,,,"I think models like the one astronomy uses where data collection and data analysis are factorized are good models. Anyone who pays for access should then be able to analyze data, and the release of analysis data and code should be part of the peer review process. How that data/code is released could vary by where it is published. Since most of the data collection is publicly funded, the raw data is owned by the public, not the collaboration; so there would be input from them as well.",,
813,Male,United States of America,more than 20 years,Experiment,,,,,
818,Male,China,5 - 10 years,Experiment,,"Research data can be openly released by the time as paper is published, the analysis code should be released only within collaboration. For full disclosure of code I think the best time is a few years after particular collaboration stops be active.",,,
822,Male,Spain,more than 20 years,Experiment,,,,,"Too generic. Which Data, which Code should be accessible in addition to manuscript ?"
824,Female,Italy,more than 20 years,Experiment,,,,,
825,Male,Netherlands,more than 20 years,Experiment,,,,,
826,Male,Colombia,more than 20 years,Experiment,,,,,
827,Female,Italy,16 - 20 years,Experiment,,,,,
830,Male,Russian Federation,5 - 10 years,Experiment,,,,,
831,Male,Italy,more than 20 years,Experiment,,,,,
833,Male,Germany,less than 5 years,Experiment,,,,,
834,Male,Ukraine,more than 20 years,Experiment,,,,,
836,Female,Israel,more than 20 years,Experiment,,"Since the same data is processed in many analyses, it takes time before the experiments have confidence in sharing the data",,,
837,Male,France,5 - 10 years,Experiment,,,,,attention should be paid not to overload referees...
838,Male,Russian Federation,16 - 20 years,Experiment,,,,,
839,Male,Romania,5 - 10 years,Experiment,,,,,
840,Male,Spain,more than 20 years,Experiment,,,,,
842,Male,France,11 - 15 years,Experiment,,,,,
845,Male,Czech Republic,more than 20 years,Experiment,,,,,"peer review already is a burden, more so for the reviewers than for the authors"
853,Male,Spain,11 - 15 years,Experiment,,,,,
855,Female,the United Kingdom of Great Britain and Northern Ireland,less than 5 years,Experiment,,,,,
859,Male,Germany,5 - 10 years,Experiment,,,,,
862,Male,Germany,5 - 10 years,Experiment,,,,,
863,Male,United States of America,more than 20 years,Experiment,,,,,
866,Male,Austria,less than 5 years,Experiment,,,,,
868,Female,Brazil,5 - 10 years,Experiment,,,,,
869,Male,Hungary,more than 20 years,Experiment,,,,,
870,Prefer not to say,United States of America,less than 5 years,Experiment,,,,,
872,Male,Sweden,more than 20 years,Experiment,,,,,
874,Female,United States of America,11 - 15 years,Experiment,,,,,
876,Male,Italy,16 - 20 years,Experiment,,"It is appropriate to share data, it is not always appropriate to share code",,,
879,Male,Czech Republic,more than 20 years,Experiment,,,,,
47,Male,the United Kingdom of Great Britain and Northern Ireland,less than 5 years,Experiment,,,,,
50,Male,Switzerland,less than 5 years,Experiment,,,,,
74,Male,the United Kingdom of Great Britain and Northern Ireland,less than 5 years,Experiment,,,,,
95,Male,United States of America,less than 5 years,Experiment,,,,,
97,Male,Brazil,less than 5 years,Experiment,,,,,
125,Male,Italy,less than 5 years,Experiment,,,,,
127,Male,Germany,less than 5 years,Experiment,,,,,
137,Male,Hungary,11 - 15 years,Experiment,,,,,
469,Male,Spain,16 - 20 years,Experiment,,,,,
609,Male,Spain,16 - 20 years,Experiment,,,,,
619,Male,Japan,less than 5 years,Experiment,,"Data should be supplied when manuscript is available for publication, code should be distributed some time after publication",,,
627,Male,Norway,less than 5 years,Experiment,,,,,
640,Male,Poland,more than 20 years,Experiment,,"Sharing the data is fine, but not sharing the code. There is usually a lot of work done on the code, and on the other hand it should be sufficient that the code is readable for the physicist who wrote it and there should be no requirement that the code fulfill any requirements expected by professional programers.",,,
772,Male,France,11 - 15 years,Experiment,,,,,
44,Male,Germany,less than 5 years,Experiment,,,,,
86,Male,Spain,less than 5 years,Experiment,,,,,
113,Male,India,less than 5 years,Experiment,,,,,
160,Male,Russian Federation,11 - 15 years,Experiment,,,,,
241,Male,Italy,5 - 10 years,Experiment,,,,,
256,Male,Netherlands,11 - 15 years,Experiment,,,,,
294,Male,Brazil,more than 20 years,Experiment,,,,,
524,Male,Spain,11 - 15 years,Experiment,,,,,
552,Male,South Africa,11 - 15 years,Experiment,,,,,
723,Male,Germany,more than 20 years,Experiment,,,,,
760,Male,United States of America,more than 20 years,Experiment,,,,,
780,Male,Italy,16 - 20 years,Experiment,,,,,
802,Female,Italy,less than 5 years,Experiment,,,,,
880,Male,France,11 - 15 years,Experiment,,,,,
333,Male,Russian Federation,more than 20 years,Experiment,,,,,
817,Male,Andorra,5 - 10 years,Experiment,,,,,
861,Male,United States of America,5 - 10 years,Experiment,,,,,
865,Male,Poland,11 - 15 years,Experiment,,,,,
1,Female,China,less than 5 years,Other,,,,,
17,Male,Switzerland,more than 20 years,Other,,,,,
64,Male,Germany,11 - 15 years,Other,,,,,
134,Male,Sweden,5 - 10 years,Other,,,,,
155,Male,Hungary,11 - 15 years,Other,The big question is: what to share. Calibrated tracks of filtered events that lead to the given result? Or the points that are on the published figures? It is a big difference!,,,,Reviewers have barely time to review the paper. They simply will not review any code or complicated content.
188,Male,Poland,less than 5 years,Other,,,,,
207,Male,France,11 - 15 years,Other,,,,,
250,Male,Germany,16 - 20 years,Other,,,,,
347,Male,Netherlands,less than 5 years,Other,,,,,
356,Male,Russian Federation,5 - 10 years,Other,,,,,
381,Male,the United Kingdom of Great Britain and Northern Ireland,11 - 15 years,Other,,,,,
406,Male,Brazil,5 - 10 years,Other,,,,,
442,Male,Netherlands,less than 5 years,Other,,,,,
504,Male,Italy,more than 20 years,Other,,,,,
505,Male,Bulgaria,less than 5 years,Other,,,,,
546,Male,Belgium,11 - 15 years,Other,,,,,
553,Male,Italy,16 - 20 years,Other,,,,,
612,Male,Romania,less than 5 years,Other,,,,,
630,Female,Italy,16 - 20 years,Other,,,,,
671,Male,Germany,11 - 15 years,Other,,,,,
698,Male,Portugal,more than 20 years,Other,,,,,
848,Male,Germany,more than 20 years,Other,,,"It depends (abuse, funding, owner, ...)",,How much addintional work will be created?
854,Male,Belarus,more than 20 years,Other,,,,,
875,Male,Greece,more than 20 years,Other,,,,,
231,Prefer not to say,United States of America,11 - 15 years,Other,,,,,
13,Male,Finland,5 - 10 years,Theory,,,,,
15,Male,the United Kingdom of Great Britain and Northern Ireland,16 - 20 years,Theory,,,,,
31,Male,Italy,11 - 15 years,Theory,,,,,
41,Prefer not to say,United States of America,more than 20 years,Theory,,,,,
58,Male,Slovenia,11 - 15 years,Theory,,,,,
70,Male,the United Kingdom of Great Britain and Northern Ireland,more than 20 years,Theory,,,,,
108,Male,the United Kingdom of Great Britain and Northern Ireland,5 - 10 years,Theory,,,,,
109,Male,Italy,16 - 20 years,Theory,,,,,
138,Male,France,11 - 15 years,Theory,,,,,
139,Female,Portugal,5 - 10 years,Theory,I think data and code should be treated separately. Research data: as soon as it is submitted to arXiv; Code: probably some time after the publication of the paper,,,,
150,Male,Sweden,more than 20 years,Theory,,,,,
151,Male,Republic of Korea,more than 20 years,Theory,,,,,
156,Male,Denmark,5 - 10 years,Theory,,,,,
158,Male,Portugal,more than 20 years,Theory,,,,,
169,Male,Netherlands,more than 20 years,Theory,,,,,
196,Male,Germany,5 - 10 years,Theory,,,,,
210,Male,Italy,more than 20 years,Theory,,,,,
211,Male,Australia,11 - 15 years,Theory,,,,,
214,Male,Germany,more than 20 years,Theory,,,,,
236,Male,Czech Republic,5 - 10 years,Theory,,,,,
265,Male,the United Kingdom of Great Britain and Northern Ireland,more than 20 years,Theory,,,,,
283,Male,Italy,more than 20 years,Theory,,,,,
300,Male,France,more than 20 years,Theory,,,,,
314,Male,Poland,more than 20 years,Theory,,,,,
328,Male,United States of America,more than 20 years,Theory,,,,"just has never come up, in my experience",
331,Female,South Africa,less than 5 years,Theory,,,,,
346,Male,Slovakia,16 - 20 years,Theory,,,,,
354,Male,France,16 - 20 years,Theory,,,,,
361,Male,Norway,less than 5 years,Theory,,,,,
400,Male,Germany,more than 20 years,Theory,,,,,
407,Prefer not to say,Germany,more than 20 years,Theory,,,,,
423,Male,Russian Federation,11 - 15 years,Theory,,,,,
425,Male,France,11 - 15 years,Theory,,,,,"The main problem with open data, is that other researchers will use your code to reproduce your results only on rare occasions, most of the time they will use it for their own benefits, to quickly publishing papers. You do the hard work, they get the credit ..."
438,Male,Italy,more than 20 years,Theory,,,,,
444,Male,Italy,more than 20 years,Theory,,,,I do not use codes and/or data for my research. My research is purely formal,
445,Female,Italy,more than 20 years,Theory,,,,,
456,Male,United States of America,more than 20 years,Theory,,,,,
467,Female,Germany,more than 20 years,Theory,,,,,
529,Male,Chile,more than 20 years,Theory,,,,,
536,Male,France,more than 20 years,Theory,,,,,
564,Male,Germany,11 - 15 years,Theory,,,,,
582,Male,Germany,5 - 10 years,Theory,Code for public should be usable for everybody not only the authors,,,,
617,Male,Republic of Korea,more than 20 years,Theory,,,,,
634,Female,China,less than 5 years,Theory,,,,,
642,Male,United States of America,more than 20 years,Theory,,,,,
661,Male,France,11 - 15 years,Theory,,,,,
668,Male,Germany,16 - 20 years,Theory,,,,,
697,Male,Colombia,more than 20 years,Theory,,,,,
700,Male,Russian Federation,more than 20 years,Theory,,,,,
703,Male,the United Kingdom of Great Britain and Northern Ireland,11 - 15 years,Theory,,,,,"For my field (theory), open access is the most important. An issue not discussed in the survey is the cost of the journal subscriptions -- not open access -- for cash-strapped universities and research centres."
713,Male,Ukraine,more than 20 years,Theory,,,,,
749,Male,Italy,5 - 10 years,Theory,,,,,
751,Male,Hungary,more than 20 years,Theory,,,,,
757,Male,France,more than 20 years,Theory,,,,,
758,Male,Russian Federation,more than 20 years,Theory,,,,,
779,Male,Spain,more than 20 years,Theory,,,,,
793,Male,France,more than 20 years,Theory,,,,,
795,Male,Italy,more than 20 years,Theory,,,,,
796,Male,Bulgaria,more than 20 years,Theory,,,,,
797,Female,Denmark,16 - 20 years,Theory,,,,,
801,Male,Italy,more than 20 years,Theory,,,,,
849,Male,Lithuania,more than 20 years,Theory,,,,,
850,Male,Poland,more than 20 years,Theory,,,,,
852,Male,United States of America,more than 20 years,Theory,,,,,
857,Female,Venezuela (Bolivarian Republic of),more than 20 years,Theory,,,,,
867,Male,Switzerland,more than 20 years,Theory,,,,,
878,Male,Iran (Islamic Republic of),more than 20 years,Theory,,,,,
11,Male,United States of America,less than 5 years,Theory,,,,,
247,Male,Norway,more than 20 years,Theory,,,,,
291,Male,Ukraine,more than 20 years,Theory,,,,,
846,Male,Hungary,more than 20 years,Theory,,,,,